{"stats":{"minecraft:custom":{"minecraft:jump":11,"minecraft:time_since_rest":4931,"minecraft:crouch_one_cm":340,"minecraft:leave_game":1,"minecraft:sprint_one_cm":808,"minecraft:play_time":4931,"minecraft:time_since_death":4931,"minecraft:walk_one_cm":1938,"minecraft:sneak_time":390,"minecraft:total_world_time":4931,"minecraft:fall_one_cm":418,"minecraft:fly_one_cm":1081},"minecraft:picked_up":{"minecraft:birch_sapling":1,"minecraft:birch_log":5},"minecraft:crafted":{"minecraft:birch_planks":20,"minecraft:crafting_table":1,"minecraft:stick":4},"minecraft:mined":{"minecraft:birch_log":5,"minecraft:birch_leaves":2}},"DataVersion":3120}